complexity,simplicity,informativity,comm_cost,iff,sav,dlsav,deontic_priority,dp_trivial,dp_nontrivial,epistemic_priority,circ_priority,dp_restricted,optimality,natural,dominant,name,original_name,dp
25,0.038461538461538436,0.3436499137718649,0.6563500862281351,0.8571428571428571,0.8571428571428571,False,True,False,True,True,False,False,0.8825576626038825,False,False,Thai_variant_99,Thai,nontrivial
25,0.038461538461538436,0.3502710027100271,0.6497289972899729,0.8571428571428571,0.8571428571428571,False,True,False,True,True,False,False,0.8886522782737979,False,False,Thai_variant_99,Thai,nontrivial
13,0.5,0.4568089430894309,0.5431910569105691,1.0,1.0,True,True,False,True,False,True,False,0.9888636530332388,False,False,Hungarian_variant_99,Hungarian,nontrivial
16,0.3846153846153846,0.3487158167036215,0.6512841832963785,1.0,1.0,True,True,False,True,True,False,False,0.8889502370118985,False,False,Hungarian_variant_99,Hungarian,nontrivial
25,0.038461538461538436,0.3508253264350825,0.6491746735649175,0.8571428571428571,0.8571428571428571,False,False,False,False,True,True,False,0.8891625231750186,False,False,Thai_variant_99,Thai,false
16,0.3846153846153846,0.3476071692535107,0.6523928307464892,1.0,1.0,True,False,False,False,True,True,False,0.8879308166381311,False,False,Hungarian_variant_99,Hungarian,false
16,0.3846153846153846,0.410630697216063,0.589369302783937,0.5,0.5,False,True,False,True,True,True,False,0.9458138464993724,False,False,Basque_variant_99,Basque,nontrivial
12,0.5384615384615384,0.465539541759054,0.534460458240946,1.0,1.0,True,True,False,True,True,True,True,0.999097329520054,True,False,Basque,Basque,dp_restricted
16,0.3846153846153846,0.3730752648435575,0.6269247351564424,0.5,0.5,False,True,False,True,True,True,False,0.911342546118324,False,False,Basque_variant_99,Basque,nontrivial
16,0.3846153846153846,0.3319475240206947,0.6680524759793053,1.0,1.0,True,False,False,False,True,False,False,0.8735295391339193,False,False,Hebrew_variant_99,Hebrew,false
25,0.038461538461538436,0.3436499137718649,0.6563500862281351,0.8571428571428571,0.8571428571428571,False,True,False,True,True,False,False,0.8825576626038825,False,False,Thai_variant_99,Thai,nontrivial
15,0.42307692307692313,0.2923133776792313,0.7076866223207687,1.0,1.0,True,False,False,False,True,False,False,0.8517106599287011,False,False,Tlingit_variant_99,Tlingit,false
15,0.42307692307692313,0.3628972653362897,0.6371027346637103,1.0,1.0,True,True,False,True,False,True,False,0.9020485478876284,False,False,Tlingit_variant_99,Tlingit,nontrivial
19,0.2692307692307693,0.352549889135255,0.647450110864745,0.8,0.8,False,True,False,True,False,False,True,0.891937136397813,False,False,Hungarian_variant_99,Hungarian,dp_restricted
15,0.42307692307692313,0.3540588814979059,0.6459411185020941,0.75,0.75,False,True,False,True,True,False,False,0.8939353361563843,False,False,Russian_variant_99,Russian,nontrivial
19,0.2692307692307693,0.3841155457009115,0.6158844542990884,0.5,0.5,False,True,False,True,True,True,False,0.9209889412782284,False,False,Basque_variant_99,Basque,nontrivial
15,0.42307692307692313,0.3277285045577728,0.6722714954422271,0.75,0.75,False,True,False,True,True,False,False,0.8735443814216388,False,False,Russian_variant_99,Russian,nontrivial
13,0.5,0.4149575018477457,0.5850424981522542,1.0,1.0,True,True,False,True,True,False,False,0.9575431851959636,False,False,Hebrew_variant_99,Hebrew,nontrivial
19,0.2692307692307693,0.2924057649667406,0.7075942350332594,0.8,0.8,False,False,False,False,True,True,False,0.8365770867813913,False,False,Hebrew_variant_99,Hebrew,false
16,0.3846153846153846,0.3692719881744272,0.6307280118255728,1.0,1.0,True,True,False,True,True,False,False,0.90784741660667,False,False,Hungarian_variant_99,Hungarian,nontrivial
18,0.3076923076923077,0.3389997536339,0.6610002463661,0.75,0.75,False,True,False,True,True,False,True,0.8796956191181255,False,False,Russian_variant_99,Russian,dp_restricted
22,0.15384615384615385,0.3982969943335797,0.6017030056664203,1.0,1.0,True,True,False,True,True,True,False,0.933268329604356,False,False,Thai_variant_99,Thai,nontrivial
19,0.2692307692307693,0.3845312884947031,0.6154687115052969,1.0,1.0,True,True,False,True,True,False,False,0.92137154608546,False,False,Thai_variant_99,Thai,nontrivial
25,0.038461538461538436,0.4038556294653855,0.5961443705346144,0.8571428571428571,0.8571428571428571,False,True,False,True,False,False,True,0.9379732573322662,False,False,Thai_variant_99,Thai,dp_restricted
16,0.3846153846153846,0.3994980290711998,0.6005019709288002,0.5,0.5,False,True,False,True,True,True,False,0.9356066181300232,False,False,Basque_variant_99,Basque,nontrivial
19,0.2692307692307693,0.2947154471544715,0.7052845528455285,0.8,0.8,False,True,False,True,True,False,False,0.8387031167524481,False,False,Hungarian_variant_99,Hungarian,nontrivial
16,0.3846153846153846,0.4154656319290466,0.5845343680709534,1.0,1.0,True,True,False,True,False,False,True,0.9502416240517844,False,False,Hungarian_variant_99,Hungarian,dp_restricted
19,0.2692307692307693,0.4166358709041636,0.5833641290958363,0.5,0.5,False,True,False,True,True,True,False,0.950912174622738,False,False,Basque_variant_99,Basque,nontrivial
18,0.3076923076923077,0.2948694259669869,0.705130574033013,0.75,0.75,False,True,False,True,True,True,False,0.8390719238245914,False,False,Russian_variant_99,Russian,nontrivial
18,0.3076923076923077,0.2880019709288002,0.7119980290711998,0.5,0.5,False,True,False,True,False,True,False,0.8327501498657714,False,False,Russian_variant_99,Russian,nontrivial
16,0.3846153846153846,0.4123244641537324,0.5876755358462675,1.0,1.0,True,True,False,True,False,False,True,0.9473654202785108,False,False,Hungarian_variant_99,Hungarian,dp_restricted
25,0.038461538461538436,0.3678553830992855,0.6321446169007144,0.8571428571428571,0.8571428571428571,False,False,False,False,True,True,False,0.9048381953204804,False,False,Thai_variant_99,Thai,false
19,0.2692307692307693,0.3652069475240206,0.6347930524759793,0.8,0.8,False,True,False,True,True,False,False,0.903586623176338,False,False,Hungarian_variant_99,Hungarian,nontrivial
19,0.2692307692307693,0.282520325203252,0.717479674796748,0.8,0.8,False,False,False,False,True,True,False,0.827477640063194,False,False,Hebrew_variant_99,Hebrew,false
12,0.5384615384615384,0.4642307218526731,0.5357692781473269,1.0,1.0,True,True,False,True,True,True,False,0.9986834184605824,False,False,Basque_variant_99,Basque,nontrivial
13,0.5,0.4222714954422271,0.5777285045577729,0.75,0.75,False,True,False,True,True,True,False,0.9598593528823892,False,False,Basque_variant_99,Basque,nontrivial
25,0.038461538461538436,0.3337336782458733,0.6662663217541267,0.25,0.25,False,True,False,True,True,True,False,0.8734298407016615,False,False,Basque_variant_99,Basque,nontrivial
21,0.1923076923076923,0.3283136240453314,0.6716863759546686,0.5,0.5,False,True,False,True,True,False,False,0.8690602182178823,False,False,Russian_variant_99,Russian,nontrivial
25,0.038461538461538436,0.4093988667159399,0.5906011332840602,0.8571428571428571,0.8571428571428571,False,True,False,True,True,False,False,0.9430748223913098,False,False,Thai_variant_99,Thai,nontrivial
21,0.1923076923076923,0.2423934466617393,0.7576065533382607,0.5,0.5,False,False,False,False,True,False,False,0.7900632718230104,False,False,Russian_variant_99,Russian,false
13,0.5,0.4002679231337768,0.5997320768662232,1.0,1.0,True,True,False,True,False,False,True,0.952891330515288,False,False,Hebrew_variant_99,Hebrew,dp_restricted
19,0.2692307692307693,0.2974870657797487,0.7025129342202513,0.8,0.8,False,False,False,False,True,True,False,0.841254347837079,False,False,Hungarian_variant_99,Hungarian,false
21,0.1923076923076923,0.2457193890120719,0.7542806109879281,0.5,0.5,False,True,False,True,True,False,False,0.7931225902103807,False,False,Russian_variant_99,Russian,nontrivial
16,0.3846153846153846,0.3956331608770633,0.6043668391229366,0.5,0.5,False,True,False,True,True,True,False,0.9320601500985152,False,False,Basque_variant_99,Basque,nontrivial
19,0.2692307692307693,0.4268908598176891,0.573109140182311,1.0,1.0,True,True,False,True,True,False,False,0.9603440579271656,False,False,Thai_variant_99,Thai,nontrivial
25,0.038461538461538436,0.3563685636856368,0.6436314363143631,0.8571428571428571,0.8571428571428571,False,False,False,False,True,True,False,0.8942649533845113,False,False,Thai_variant_99,Thai,false
16,0.3846153846153846,0.3578159645232815,0.6421840354767184,1.0,1.0,True,False,False,False,False,True,False,0.8973171231093056,False,False,Hebrew_variant_99,Hebrew,false
16,0.3846153846153846,0.3663617886178861,0.6336382113821138,1.0,1.0,True,True,False,True,True,True,False,0.905172708779858,False,False,Hebrew_variant_99,Hebrew,nontrivial
19,0.2692307692307693,0.3887657058388765,0.6112342941611235,0.8,0.8,False,True,False,True,True,False,False,0.9252683853965196,False,False,Hungarian_variant_99,Hungarian,nontrivial
12,0.5384615384615384,0.2971329145109633,0.7028670854890366,0.75,0.75,False,False,False,False,False,True,False,0.8942822163705046,False,False,Russian_variant_99,Russian,false
22,0.15384615384615385,0.3457748213845774,0.6542251786154225,1.0,1.0,True,False,False,False,True,False,False,0.885025897562391,False,False,Thai_variant_99,Thai,false
22,0.15384615384615385,0.3655457009115545,0.6344542990884454,0.5,0.5,False,True,False,True,True,True,False,0.9031982441162452,False,False,Basque_variant_99,Basque,nontrivial
15,0.42307692307692313,0.286770140428677,0.713229859571323,1.0,1.0,True,True,True,False,True,True,True,0.8479439168243279,False,False,Tlingit_variant_99,Tlingit,dp_restricted
16,0.3846153846153846,0.3687638580931264,0.6312361419068736,1.0,1.0,True,False,False,False,True,True,False,0.9073804218887516,False,False,Hebrew_variant_99,Hebrew,false
15,0.42307692307692313,0.4050258684405026,0.5949741315594974,1.0,1.0,True,True,False,True,False,True,False,0.9406342823960188,False,False,Tlingit_variant_99,Tlingit,nontrivial
18,0.3076923076923077,0.3109140182310914,0.6890859817689086,0.5,0.5,False,True,False,True,True,False,False,0.8538416180311666,False,False,Russian_variant_99,Russian,nontrivial
19,0.2692307692307693,0.3213075880758808,0.6786924119241192,1.0,1.0,True,False,False,False,True,True,False,0.8631804994556022,False,False,Thai_variant_99,Thai,false
16,0.3846153846153846,0.3818828529194382,0.6181171470805618,1.0,1.0,True,True,False,True,True,True,False,0.919434542981704,False,False,Hungarian_variant_99,Hungarian,nontrivial
22,0.15384615384615385,0.4199618132544961,0.5800381867455038,1.0,1.0,True,True,False,True,True,False,False,0.9531037791526258,False,False,Thai_variant_99,Thai,nontrivial
15,0.42307692307692313,0.3240946045824094,0.6759053954175905,1.0,1.0,True,True,False,True,False,False,True,0.8715139066141868,False,False,Tlingit_variant_99,Tlingit,dp_restricted
15,0.42307692307692313,0.3628972653362897,0.6371027346637103,1.0,1.0,True,True,False,True,False,True,False,0.9020485478876284,False,False,Tlingit_variant_99,Tlingit,nontrivial
15,0.42307692307692313,0.2664449371766445,0.7335550628233555,1.0,1.0,True,False,False,False,False,True,False,0.8335224038788873,False,False,Tlingit_variant_99,Tlingit,false
16,0.3846153846153846,0.3780641783690564,0.6219358216309436,0.5,0.5,False,True,False,True,True,True,False,0.915926498371467,False,False,Basque_variant_99,Basque,nontrivial
22,0.15384615384615385,0.3695799457994579,0.630420054200542,0.5,0.5,False,True,False,True,True,True,False,0.906904981454032,False,False,Basque_variant_99,Basque,nontrivial
22,0.15384615384615385,0.3254496181325449,0.674550381867455,1.0,1.0,True,False,False,False,True,True,False,0.8663362018291093,False,False,Thai_variant_99,Thai,false
18,0.3076923076923077,0.2889258438038926,0.7110741561961074,0.75,0.75,False,False,False,False,True,True,False,0.8336006128728307,False,False,Russian_variant_99,Russian,false
25,0.038461538461538436,0.3369056417836906,0.6630943582163094,0.25,0.25,False,True,False,True,True,True,False,0.8763496182683433,False,False,Basque_variant_99,Basque,nontrivial
18,0.3076923076923077,0.3134392707563439,0.6865607292436561,0.5,0.5,False,True,False,True,False,False,True,0.8561662132034333,False,False,Russian_variant_99,Russian,dp_restricted
16,0.3846153846153846,0.3890890613451589,0.610910938654841,1.0,1.0,True,True,False,True,True,True,False,0.9260526946478134,False,False,Hungarian_variant_99,Hungarian,nontrivial
15,0.42307692307692313,0.2331855136733185,0.7668144863266815,1.0,1.0,True,False,False,False,True,False,False,0.8083178308274516,False,False,Tlingit_variant_99,Tlingit,false
25,0.038461538461538436,0.3886117270263611,0.6113882729736388,0.8571428571428571,0.8571428571428571,False,True,False,True,True,False,False,0.9239430968564132,False,False,Thai_variant_99,Thai,nontrivial
15,0.42307692307692313,0.3126385809312638,0.6873614190687362,1.0,1.0,True,True,False,True,True,False,False,0.8647702341295219,False,False,Tlingit_variant_99,Tlingit,nontrivial
16,0.3846153846153846,0.4022080561714708,0.5977919438285292,1.0,1.0,True,True,False,True,True,False,True,0.9380926097767528,False,False,Hungarian_variant_99,Hungarian,dp_restricted
19,0.2692307692307693,0.3737065779748706,0.6262934220251294,0.8,0.8,False,True,False,True,True,False,False,0.9114093536709444,False,False,Hungarian_variant_99,Hungarian,nontrivial
19,0.2692307692307693,0.4268908598176891,0.573109140182311,1.0,1.0,True,True,False,True,True,False,False,0.9603440579271656,False,False,Thai_variant_99,Thai,nontrivial
15,0.42307692307692313,0.2664449371766445,0.7335550628233555,1.0,1.0,True,False,False,False,False,True,False,0.8335224038788873,False,False,Tlingit_variant_99,Tlingit,false
19,0.2692307692307693,0.3883961566888396,0.6116038433111604,0.8,0.8,False,True,False,True,False,True,False,0.9249283022973164,False,False,Hungarian_variant_99,Hungarian,nontrivial
15,0.42307692307692313,0.3717664449371766,0.6282335550628234,1.0,1.0,True,True,False,True,True,False,False,0.9101858593040748,False,False,Tlingit_variant_99,Tlingit,nontrivial
19,0.2692307692307693,0.4184374230105936,0.5815625769894064,0.5,0.5,False,True,False,True,True,True,False,0.9525693662921314,False,False,Basque_variant_99,Basque,nontrivial
15,0.42307692307692313,0.2753141167775313,0.7246858832224686,1.0,1.0,True,False,False,False,True,False,False,0.8399245521552159,False,False,Tlingit_variant_99,Tlingit,false
19,0.2692307692307693,0.3942781473269278,0.6057218526730722,0.5,0.5,False,True,False,True,True,True,False,0.9303411713110008,False,False,Basque_variant_99,Basque,nontrivial
12,0.5384615384615384,0.3607569598423256,0.6392430401576743,0.75,0.75,False,True,False,True,True,False,False,0.9506033233589,False,False,Russian_variant_99,Russian,nontrivial
16,0.3846153846153846,0.4019308943089431,0.598069105691057,1.0,1.0,True,True,False,True,True,True,False,0.93783839267657,False,False,Hungarian_variant_99,Hungarian,nontrivial
16,0.3846153846153846,0.3137472283813747,0.6862527716186253,1.0,1.0,True,False,False,False,True,True,False,0.8567881956563246,False,False,Hebrew_variant_99,Hebrew,false
22,0.15384615384615385,0.4356214584873121,0.5643785415126878,1.0,1.0,True,True,False,True,True,False,False,0.9673590716176258,False,False,Thai_variant_99,Thai,nontrivial
22,0.15384615384615385,0.3723515644247351,0.6276484355752648,1.0,1.0,True,False,False,False,False,True,False,0.9094512639068176,False,False,Thai_variant_99,Thai,false
19,0.2692307692307693,0.2798410938654841,0.7201589061345159,0.8,0.8,False,False,False,False,True,True,False,0.8250114249831961,False,False,Hebrew_variant_99,Hebrew,false
19,0.2692307692307693,0.2789172209903917,0.7210827790096083,0.8,0.8,False,False,False,False,True,False,False,0.8241610050807505,False,False,Hungarian_variant_99,Hungarian,false
19,0.2692307692307693,0.3969573786646957,0.6030426213353043,0.5,0.5,False,True,False,True,True,True,False,0.9328066243146882,False,False,Basque_variant_99,Basque,nontrivial
15,0.42307692307692313,0.2331855136733185,0.7668144863266815,1.0,1.0,True,False,False,False,True,False,False,0.8083178308274516,False,False,Tlingit_variant_99,Tlingit,false
15,0.42307692307692313,0.3761394432126139,0.6238605567873861,0.75,0.75,False,True,False,True,False,True,True,0.9141961055957086,False,False,Russian_variant_99,Russian,dp_restricted
18,0.3076923076923077,0.3585242670608524,0.6414757329391476,0.5,0.5,False,True,False,True,False,True,False,0.8976686255584326,False,False,Russian_variant_99,Russian,nontrivial
11,0.5769230769230769,0.3806972160630697,0.6193027839369303,1.0,1.0,True,True,False,True,False,False,True,0.9720372856569204,False,False,Russian_variant_99,Russian,dp_restricted
21,0.1923076923076923,0.2950542005420054,0.7049457994579946,0.5,0.5,False,True,False,True,False,False,True,0.838491960322393,False,False,Russian_variant_99,Russian,dp_restricted
22,0.15384615384615385,0.4300012318305002,0.5699987681694998,1.0,1.0,True,True,False,True,False,False,True,0.9622568564788608,False,False,Thai_variant_99,Thai,dp_restricted
21,0.1923076923076923,0.2706639566395664,0.7293360433604336,0.5,0.5,False,False,False,False,True,True,False,0.81606497099946,False,False,Russian_variant_99,Russian,false
16,0.3846153846153846,0.3998675782212367,0.6001324217787632,0.5,0.5,False,True,False,True,True,True,False,0.935945656881121,False,False,Basque_variant_99,Basque,nontrivial
19,0.2692307692307693,0.3964338507021433,0.6035661492978567,0.8,0.8,False,True,False,True,True,False,False,0.9323248742966757,False,False,Hebrew_variant_99,Hebrew,nontrivial
19,0.2692307692307693,0.317719881744272,0.682280118255728,0.8,0.8,False,False,False,False,True,True,False,0.8598781466312202,False,False,Hungarian_variant_99,Hungarian,false
19,0.2692307692307693,0.3610495195861049,0.638950480413895,0.8,0.8,False,True,False,True,False,True,False,0.8997601984829053,False,False,Hungarian_variant_99,Hungarian,nontrivial
15,0.42307692307692313,0.3628972653362897,0.6371027346637103,1.0,1.0,True,True,False,True,False,True,False,0.9020485478876284,False,False,Tlingit_variant_99,Tlingit,nontrivial
13,0.5,0.4142645971914264,0.5857354028085736,1.0,1.0,True,True,False,True,True,False,False,0.957323738463732,False,False,Hebrew_variant_99,Hebrew,nontrivial
25,0.038461538461538436,0.405179847253018,0.594820152746982,0.8571428571428571,0.8571428571428571,False,True,False,True,True,True,False,0.9391919834300734,False,False,Thai_variant_99,Thai,nontrivial
22,0.15384615384615385,0.4199618132544961,0.5800381867455038,1.0,1.0,True,True,False,True,True,False,False,0.9531037791526258,False,False,Thai_variant_99,Thai,nontrivial
13,0.5,0.4142645971914264,0.5857354028085736,1.0,1.0,True,True,False,True,True,False,False,0.957323738463732,False,False,Hebrew_variant_99,Hebrew,nontrivial
19,0.2692307692307693,0.3813439270756343,0.6186560729243656,1.0,1.0,True,False,False,False,True,True,False,0.9184382172808824,False,False,Thai_variant_99,Thai,false
15,0.42307692307692313,0.3704114313870412,0.6295885686129588,0.75,0.75,False,True,False,True,False,True,True,0.908942973794673,False,False,Russian_variant_99,Russian,dp_restricted
19,0.2692307692307693,0.3122690317812269,0.6877309682187731,0.8,0.8,False,False,False,False,True,True,False,0.8548608123718786,False,False,Hebrew_variant_99,Hebrew,false
12,0.5384615384615384,0.464230721852673,0.5357692781473269,1.0,1.0,True,True,False,True,True,True,False,0.9986834184605824,False,False,Basque_variant_99,Basque,nontrivial
18,0.3076923076923077,0.2852611480660261,0.7147388519339739,0.75,0.75,False,True,False,True,True,False,False,0.8302271093641667,False,False,Russian_variant_99,Russian,nontrivial
15,0.42307692307692313,0.3662232076866223,0.6337767923133777,1.0,1.0,True,True,False,True,False,False,True,0.9051005866862936,False,False,Tlingit_variant_99,Tlingit,dp_restricted
22,0.15384615384615385,0.3625123183050012,0.6374876816949988,0.5,0.5,False,True,False,True,True,True,False,0.9004107751576708,False,False,Basque_variant_99,Basque,nontrivial
16,0.3846153846153846,0.3778178122690317,0.6221821877309682,1.0,1.0,True,True,False,True,False,True,False,0.9157001522573992,False,False,Hungarian_variant_99,Hungarian,nontrivial
13,0.5,0.4155734170978073,0.5844265829021926,0.75,0.75,False,True,False,True,True,True,False,0.9577382241955492,False,False,Basque_variant_99,Basque,nontrivial
22,0.15384615384615385,0.3741069228874107,0.6258930771125892,1.0,1.0,True,False,False,False,False,True,False,0.911063757695824,False,False,Thai_variant_99,Thai,false
19,0.2692307692307693,0.3737065779748706,0.6262934220251294,0.8,0.8,False,True,False,True,True,False,False,0.9114093536709444,False,False,Hebrew_variant_99,Hebrew,nontrivial
16,0.3846153846153846,0.3850240206947524,0.6149759793052476,1.0,1.0,True,True,False,True,False,True,True,0.9223197032589128,False,False,Hungarian_variant_99,Hungarian,dp_restricted
15,0.42307692307692313,0.2549889135254988,0.7450110864745012,1.0,1.0,True,False,False,False,True,True,False,0.8250356720896045,False,False,Tlingit_variant_99,Tlingit,false
19,0.2692307692307693,0.4003141167775314,0.5996858832224685,0.8,0.8,False,True,False,True,False,True,False,0.9358954272819278,False,False,Hebrew_variant_99,Hebrew,nontrivial
15,0.42307692307692313,0.2719881744271988,0.7280118255728012,1.0,1.0,True,False,False,False,True,True,False,0.8375422632801202,False,False,Tlingit_variant_99,Tlingit,false
19,0.2692307692307693,0.4069660014781966,0.5930339985218034,0.8,0.8,False,True,False,True,False,True,False,0.9420159713825442,False,False,Hebrew_variant_99,Hebrew,nontrivial
22,0.15384615384615385,0.367670608524267,0.632329391475733,0.5,0.5,False,True,False,True,True,True,False,0.9051507157135612,False,False,Basque_variant_99,Basque,nontrivial
13,0.5,0.4360525991623552,0.5639474008376448,0.75,0.75,False,True,False,True,True,True,False,0.96992102684584,False,False,Basque_variant_99,Basque,nontrivial
15,0.42307692307692313,0.2549889135254988,0.7450110864745012,1.0,1.0,True,False,False,False,True,True,False,0.8250356720896045,False,False,Tlingit_variant_99,Tlingit,false
19,0.2692307692307693,0.4621828036462183,0.5378171963537817,1.0,1.0,True,True,False,True,False,True,False,0.9926388179231688,False,False,Thai_variant_99,Thai,nontrivial
19,0.2692307692307693,0.3964338507021433,0.6035661492978567,0.8,0.8,False,True,False,True,True,False,False,0.9323248742966757,False,False,Hungarian_variant_99,Hungarian,nontrivial
13,0.5,0.3151792313377679,0.6848207686622321,1.0,1.0,True,False,False,False,True,True,False,0.9009406886042532,False,False,Hungarian_variant_99,Hungarian,false
18,0.3076923076923077,0.3277285045577728,0.6722714954422272,0.5,0.5,False,True,False,True,True,False,False,0.8693200098567138,False,False,Russian_variant_99,Russian,nontrivial
16,0.3846153846153846,0.4192073170731707,0.5807926829268293,1.0,1.0,True,True,False,True,True,False,True,0.9536651909622156,False,False,Hebrew_variant_99,Hebrew,dp_restricted
16,0.3846153846153846,0.4271526237989652,0.5728473762010348,1.0,1.0,True,True,False,True,False,True,True,0.9609228475619416,False,False,Hungarian_variant_99,Hungarian,dp_restricted
18,0.3076923076923077,0.2948694259669869,0.705130574033013,0.75,0.75,False,False,False,False,True,True,False,0.8390719238245914,False,False,Russian_variant_99,Russian,false
22,0.15384615384615385,0.4355444690810545,0.5644555309189455,1.0,1.0,True,True,False,True,True,False,False,0.9672893299125264,False,False,Thai_variant_99,Thai,nontrivial
19,0.2692307692307693,0.3237250554323725,0.6762749445676275,0.8,0.8,False,False,False,False,False,True,False,0.8654056818267566,False,False,Hungarian_variant_99,Hungarian,false
13,0.5,0.3721359940872136,0.6278640059127865,1.0,1.0,True,True,False,True,True,False,False,0.9415856153783012,False,False,Hungarian_variant_99,Hungarian,nontrivial
19,0.2692307692307693,0.4171132052229613,0.5828867947770386,0.5,0.5,False,True,False,True,True,True,False,0.9513512676875489,False,False,Basque_variant_99,Basque,nontrivial
12,0.5384615384615384,0.2918360433604336,0.7081639566395663,0.75,0.75,False,False,False,False,True,False,False,0.889487914442839,False,False,Russian_variant_99,Russian,false
15,0.42307692307692313,0.3514412416851441,0.6485587583148559,1.0,1.0,True,True,False,True,True,True,False,0.8915318093921003,False,False,Tlingit_variant_99,Tlingit,nontrivial
22,0.15384615384615385,0.3261579206701158,0.6738420793298842,1.0,1.0,True,False,False,False,True,True,False,0.8669876067342386,False,False,Thai_variant_99,Thai,false
25,0.038461538461538436,0.3669007144616901,0.63309928553831,0.8571428571428571,0.8571428571428571,False,False,False,False,True,True,False,0.9039594615866122,False,False,Thai_variant_99,Thai,false
22,0.15384615384615385,0.3408474993840848,0.6591525006159151,1.0,1.0,True,False,False,False,True,False,False,0.8804956537423294,False,False,Thai_variant_99,Thai,false
16,0.3846153846153846,0.4199464153732446,0.5800535846267554,1.0,1.0,True,True,False,True,False,True,False,0.954341080594598,False,False,Hebrew_variant_99,Hebrew,nontrivial
13,0.5,0.3841463414634146,0.6158536585365854,1.0,1.0,True,True,False,True,True,False,False,0.947421481271631,False,False,Hungarian_variant_99,Hungarian,nontrivial
21,0.1923076923076923,0.3058327174180832,0.6941672825819167,0.5,0.5,False,True,False,True,True,False,False,0.8484004867865411,False,False,Russian_variant_99,Russian,nontrivial
25,0.038461538461538436,0.4362835673811284,0.5637164326188716,0.8571428571428571,0.8571428571428571,False,True,False,True,False,True,False,0.9678118440091426,False,False,Thai_variant_99,Thai,nontrivial
15,0.42307692307692313,0.3717664449371766,0.6282335550628234,1.0,1.0,True,True,False,True,True,False,False,0.9101858593040748,False,False,Tlingit_variant_99,Tlingit,nontrivial
19,0.2692307692307693,0.358370288248337,0.641629711751663,0.8,0.8,False,True,False,True,True,False,False,0.8972942535868388,False,False,Hungarian_variant_99,Hungarian,nontrivial
22,0.15384615384615385,0.3917374969204237,0.6082625030795763,1.0,1.0,True,True,False,True,True,True,False,0.9272510654069316,False,False,Thai_variant_99,Thai,nontrivial
13,0.5,0.3956023651145602,0.6043976348854398,1.0,1.0,True,True,False,True,False,False,True,0.9514138476444748,False,False,Hebrew_variant_99,Hebrew,dp_restricted
15,0.42307692307692313,0.4050258684405026,0.5949741315594974,1.0,1.0,True,True,False,True,False,True,False,0.9406342823960188,False,False,Tlingit_variant_99,Tlingit,nontrivial
25,0.038461538461538436,0.3663771864991377,0.6336228135008622,0.8571428571428571,0.8571428571428571,False,True,False,True,True,False,False,0.9034775747086424,False,False,Thai_variant_99,Thai,nontrivial
25,0.038461538461538436,0.3453744764720374,0.6546255235279625,0.8571428571428571,0.8571428571428571,False,False,False,False,True,True,False,0.8841451014291037,False,False,Thai_variant_99,Thai,false
16,0.3846153846153846,0.3633592017738359,0.636640798226164,1.0,1.0,True,False,False,False,True,True,False,0.902412844418806,False,False,Hungarian_variant_99,Hungarian,false
22,0.15384615384615385,0.3826065533382607,0.6173934466617392,0.5,0.5,False,True,False,True,True,True,False,0.918869712157314,False,False,Basque_variant_99,Basque,nontrivial
16,0.3846153846153846,0.4101995565410199,0.5898004434589801,1.0,1.0,True,True,False,True,False,False,True,0.945418831139291,True,False,Hebrew,Hebrew,dp_restricted
16,0.3846153846153846,0.4030241438778024,0.5969758561221976,0.5,0.5,False,True,False,True,True,True,False,0.93884109326217,False,False,Basque_variant_99,Basque,nontrivial
22,0.15384615384615385,0.3793268046316827,0.6206731953683173,0.5,0.5,False,True,False,True,True,True,False,0.9158580356534318,False,False,Basque_variant_99,Basque,nontrivial
16,0.3846153846153846,0.4542682926829268,0.5457317073170732,1.0,1.0,True,True,False,True,False,True,False,0.9852658371136768,False,False,Hebrew_variant_99,Hebrew,nontrivial
16,0.3846153846153846,0.3924457994579945,0.6075542005420055,0.5,0.5,False,True,False,True,True,True,False,0.9291345198226796,False,False,Basque_variant_99,Basque,nontrivial
22,0.15384615384615385,0.3347807341709781,0.6652192658290219,0.5,0.5,False,True,False,True,True,True,False,0.8749172353658724,False,False,Basque_variant_99,Basque,nontrivial
21,0.1923076923076923,0.2845220497659522,0.7154779502340478,0.5,0.5,False,True,False,True,True,True,False,0.8288083936683666,False,False,Russian_variant_99,Russian,nontrivial
13,0.5,0.4344050258684405,0.5655949741315595,1.0,1.0,True,True,False,True,False,True,False,0.9684089299973918,False,False,Hungarian_variant_99,Hungarian,nontrivial
15,0.42307692307692313,0.2904040404040404,0.7095959595959596,0.75,0.75,False,False,False,False,True,False,False,0.8504221704829941,False,False,Russian_variant_99,Russian,false
15,0.42307692307692313,0.3566457255481645,0.6433542744518355,0.75,0.75,False,True,False,True,True,True,False,0.8963103065732849,False,False,Russian_variant_99,Russian,nontrivial
19,0.2692307692307693,0.3538433111603843,0.6461566888396157,0.8,0.8,False,True,False,True,True,False,False,0.8931276140427433,False,False,Hebrew_variant_99,Hebrew,nontrivial
13,0.5,0.4011456023651146,0.5988543976348855,1.0,1.0,True,True,False,True,True,False,False,0.9531692456742242,False,False,Hungarian_variant_99,Hungarian,nontrivial
19,0.2692307692307693,0.3410938654841093,0.6589061345158906,0.8,0.8,False,True,False,True,True,False,False,0.8813927512028974,False,False,Hebrew_variant_99,Hebrew,nontrivial
12,0.5384615384615384,0.3552137225917714,0.6447862774082286,0.75,0.75,False,True,False,True,True,True,False,0.945885797264278,False,False,Russian_variant_99,Russian,nontrivial
18,0.3076923076923077,0.2846144370534614,0.7153855629465385,0.75,0.75,False,False,False,False,False,True,False,0.8296317851481785,False,False,Russian_variant_99,Russian,false
22,0.15384615384615385,0.4477241931510224,0.5522758068489776,1.0,1.0,True,True,False,True,False,True,False,0.9782314697579818,False,False,Thai_variant_99,Thai,nontrivial
13,0.5,0.3603566149297856,0.6396433850702143,1.0,1.0,True,False,False,False,False,True,False,0.9345401641429644,False,False,Hungarian_variant_99,Hungarian,false
15,0.42307692307692313,0.3832224685883222,0.6167775314116777,1.0,1.0,True,True,False,True,False,False,True,0.92068828633166,False,False,Tlingit_variant_99,Tlingit,dp_restricted
15,0.42307692307692313,0.286770140428677,0.713229859571323,1.0,1.0,True,True,True,False,True,True,True,0.8479439168243279,False,False,Tlingit_variant_99,Tlingit,dp_restricted
13,0.5,0.4292929292929293,0.5707070707070707,0.75,0.75,False,True,False,True,True,True,False,0.9637147622967832,False,False,Basque_variant_99,Basque,nontrivial
19,0.2692307692307693,0.3207686622320768,0.6792313377679231,0.8,0.8,False,True,False,True,True,True,False,0.8626844387776278,False,False,Hungarian_variant_99,Hungarian,nontrivial
18,0.3076923076923077,0.3019832471051983,0.6980167528948017,0.5,0.5,False,True,False,True,True,False,False,0.8456204850957196,False,False,Russian_variant_99,Russian,nontrivial
19,0.2692307692307693,0.4218249568859325,0.5781750431140675,1.0,1.0,True,True,False,True,False,False,True,0.955685206131306,False,False,Thai_variant_99,Thai,dp_restricted
25,0.038461538461538436,0.3290527223454053,0.6709472776545947,0.8571428571428571,0.8571428571428571,False,False,False,False,True,False,False,0.8691210297118057,False,False,Thai_variant_99,Thai,false
25,0.038461538461538436,0.3193520571569352,0.6806479428430647,0.25,0.25,False,True,False,True,True,True,False,0.8601915421558401,False,False,Basque_variant_99,Basque,nontrivial
16,0.3846153846153846,0.4157427937915742,0.5842572062084257,1.0,1.0,True,True,False,True,True,False,False,0.9504953206802338,False,False,Hebrew_variant_99,Hebrew,nontrivial
15,0.42307692307692313,0.3240946045824094,0.6759053954175905,1.0,1.0,True,True,False,True,False,False,True,0.8715139066141868,False,False,Tlingit_variant_99,Tlingit,dp_restricted
19,0.2692307692307693,0.4266598915989159,0.5733401084010841,1.0,1.0,True,True,False,True,True,False,False,0.9601316713845064,False,False,Thai_variant_99,Thai,nontrivial
19,0.2692307692307693,0.3416481892091648,0.6583518107908352,0.8,0.8,False,False,False,False,True,True,False,0.8819029691792364,False,False,Hungarian_variant_99,Hungarian,false
16,0.3846153846153846,0.4271526237989652,0.5728473762010348,1.0,1.0,True,True,False,True,False,True,True,0.9609228475619416,False,False,Hebrew_variant_99,Hebrew,dp_restricted
22,0.15384615384615385,0.3727057156935205,0.6272942843064795,1.0,1.0,True,True,False,True,True,False,False,0.909776601380074,False,False,Thai_variant_99,Thai,nontrivial
25,0.038461538461538436,0.356830500123183,0.6431694998768169,0.8571428571428571,0.8571428571428571,False,False,False,False,False,True,False,0.8946901542703412,False,False,Thai_variant_99,Thai,false
11,0.5769230769230769,0.3497782705099778,0.6502217294900221,1.0,1.0,True,True,False,True,True,True,False,0.9440930301151808,False,False,Russian_variant_99,Russian,nontrivial
19,0.2692307692307693,0.3279748706577975,0.6720251293422025,0.8,0.8,False,True,False,True,False,True,False,0.8693174503224188,False,False,Hungarian_variant_99,Hungarian,nontrivial
16,0.3846153846153846,0.3116223207686622,0.6883776792313377,1.0,1.0,True,False,False,False,True,True,False,0.8548334291121594,False,False,Hebrew_variant_99,Hebrew,false
15,0.42307692307692313,0.286770140428677,0.713229859571323,1.0,1.0,True,True,True,False,True,True,True,0.8479439168243279,False,False,Tlingit_variant_99,Tlingit,dp_restricted
16,0.3846153846153846,0.4067042374969204,0.5932957625030796,0.5,0.5,False,True,False,True,True,True,False,0.9422154394501134,False,False,Basque_variant_99,Basque,nontrivial
15,0.42307692307692313,0.2753141167775313,0.7246858832224686,1.0,1.0,True,False,False,False,True,False,False,0.8399245521552159,False,False,Tlingit_variant_99,Tlingit,false
21,0.1923076923076923,0.2815656565656566,0.7184343434343434,0.5,0.5,False,True,False,True,False,True,False,0.8260899639851231,False,False,Russian_variant_99,Russian,nontrivial
13,0.5,0.4423657304754865,0.5576342695245134,0.75,0.75,False,True,False,True,True,True,False,0.975709767571716,False,False,Basque_variant_99,Basque,nontrivial
22,0.15384615384615385,0.3562761763981276,0.6437238236018723,0.5,0.5,False,True,False,True,True,True,False,0.8946793765937857,False,False,Basque_variant_99,Basque,nontrivial
19,0.2692307692307693,0.3753695491500369,0.624630450849963,0.8,0.8,False,True,False,True,True,False,False,0.91293985494064,False,False,Hungarian_variant_99,Hungarian,nontrivial
19,0.2692307692307693,0.3094050258684405,0.6905949741315596,0.8,0.8,False,False,False,False,True,True,False,0.8522245744059752,False,False,Hungarian_variant_99,Hungarian,false
22,0.15384615384615385,0.3729058881497906,0.6270941118502094,0.5,0.5,False,True,False,True,True,True,False,0.9099604856181902,False,False,Basque_variant_99,Basque,nontrivial
25,0.038461538461538436,0.3486080315348608,0.6513919684651392,0.8571428571428571,0.8571428571428571,False,False,False,False,True,True,False,0.8871215416487391,False,False,Thai_variant_99,Thai,false
16,0.3846153846153846,0.4410107169253511,0.5589892830746489,1.0,1.0,True,True,False,True,True,True,False,0.9735072576395046,False,False,Hungarian_variant_99,Hungarian,nontrivial
16,0.3846153846153846,0.3137472283813747,0.6862527716186253,1.0,1.0,True,False,False,False,True,True,False,0.8567881956563246,False,False,Hungarian_variant_99,Hungarian,false
19,0.2692307692307693,0.417759916235526,0.582240083764474,1.0,1.0,True,True,False,True,True,True,False,0.9519461587828376,False,False,Thai_variant_99,Thai,nontrivial
11,0.5769230769230769,0.3859632914510963,0.6140367085489036,1.0,1.0,True,True,False,True,False,False,True,0.9766715411372556,False,False,Russian_variant_99,Russian,dp_restricted
13,0.5,0.4058111603843311,0.5941888396156689,1.0,1.0,True,True,False,True,True,False,False,0.9546467253997206,False,False,Hungarian_variant_99,Hungarian,nontrivial
16,0.3846153846153846,0.4154656319290466,0.5845343680709534,1.0,1.0,True,True,False,True,False,False,True,0.9502416240517844,False,False,Hungarian_variant_99,Hungarian,dp_restricted
18,0.3076923076923077,0.2905888149790588,0.7094111850209411,0.5,0.5,False,True,False,True,True,True,False,0.8351314461764581,False,False,Russian_variant_99,Russian,nontrivial
22,0.15384615384615385,0.4623213845774821,0.5376786154225179,1.0,1.0,True,True,False,True,False,True,False,0.990478787771508,False,False,Thai_variant_99,Thai,nontrivial
16,0.3846153846153846,0.4066118502094111,0.5933881497905888,0.5,0.5,False,True,False,True,True,True,False,0.9421307469171226,False,False,Basque_variant_99,Basque,nontrivial
25,0.038461538461538436,0.4360372012811037,0.5639627987188963,0.8571428571428571,0.8571428571428571,False,True,False,True,False,True,False,0.96758523903368,False,False,Thai_variant_99,Thai,nontrivial
15,0.42307692307692313,0.3240946045824094,0.6759053954175905,1.0,1.0,True,True,False,True,False,False,True,0.8715139066141868,True,False,Tlingit,Tlingit,dp_restricted
13,0.5,0.4181294653855629,0.581870534614437,0.75,0.75,False,True,False,True,True,True,False,0.958547656277356,False,False,Basque_variant_99,Basque,nontrivial
22,0.15384615384615385,0.3827759300320276,0.6172240699679724,1.0,1.0,True,False,False,False,True,True,False,0.9190252296145616,False,False,Thai_variant_99,Thai,false
13,0.5,0.4390705838876571,0.5609294161123429,1.0,1.0,True,True,False,True,False,True,False,0.9726895346967896,False,False,Hungarian_variant_99,Hungarian,nontrivial
13,0.5,0.3949556541019955,0.6050443458980044,1.0,1.0,True,True,False,True,False,True,False,0.9512090370506942,False,False,Hebrew_variant_99,Hebrew,nontrivial
13,0.5,0.3721359940872136,0.6278640059127865,1.0,1.0,True,True,False,True,True,False,False,0.9415856153783012,False,False,Hebrew_variant_99,Hebrew,nontrivial
19,0.2692307692307693,0.3766629711751663,0.6233370288248337,0.8,0.8,False,True,False,True,False,False,True,0.9141302364444016,False,False,Hungarian_variant_99,Hungarian,dp_restricted
22,0.15384615384615385,0.4477241931510224,0.5522758068489776,1.0,1.0,True,True,False,True,False,True,False,0.9782314697579818,False,False,Thai_variant_99,Thai,nontrivial
19,0.2692307692307693,0.3448817442719881,0.6551182557280119,0.8,0.8,False,True,False,True,True,True,False,0.8848792296929595,False,False,Hungarian_variant_99,Hungarian,nontrivial
25,0.038461538461538436,0.3087275190933727,0.6912724809066273,0.8571428571428571,0.8571428571428571,False,False,False,False,True,True,False,0.85041156994301,False,False,Thai_variant_99,Thai,false
16,0.3846153846153846,0.352549889135255,0.647450110864745,1.0,1.0,True,False,False,False,False,True,False,0.8924755656941765,False,False,Hungarian_variant_99,Hungarian,false
19,0.2692307692307693,0.4031781226903178,0.5968218773096823,0.8,0.8,False,True,False,True,False,True,False,0.9385307304006862,False,False,Hungarian_variant_99,Hungarian,nontrivial
22,0.15384615384615385,0.4187145848731214,0.5812854151268785,1.0,1.0,True,True,False,True,True,True,False,0.9519642925387816,False,False,Thai_variant_99,Thai,nontrivial
16,0.3846153846153846,0.4482169253510717,0.5517830746489283,1.0,1.0,True,True,False,True,True,True,False,0.9799646888295156,False,False,Hebrew_variant_99,Hebrew,nontrivial
16,0.3846153846153846,0.3850240206947524,0.6149759793052476,1.0,1.0,True,True,False,True,False,True,True,0.9223197032589128,False,False,Hebrew_variant_99,Hebrew,dp_restricted
22,0.15384615384615385,0.4055955900468095,0.5944044099531904,1.0,1.0,True,True,False,True,False,True,False,0.939958626733832,False,False,Thai_variant_99,Thai,nontrivial
15,0.42307692307692313,0.3662232076866223,0.6337767923133777,1.0,1.0,True,True,False,True,False,False,True,0.9051005866862936,False,False,Tlingit_variant_99,Tlingit,dp_restricted
15,0.42307692307692313,0.3296378418329637,0.6703621581670363,1.0,1.0,True,True,False,True,True,False,False,0.874588655628144,False,False,Tlingit_variant_99,Tlingit,nontrivial
19,0.2692307692307693,0.2989652623798965,0.7010347376201035,0.8,0.8,False,True,False,True,True,False,False,0.8426150021549679,False,False,Hungarian_variant_99,Hungarian,nontrivial
25,0.038461538461538436,0.3452820891845282,0.6547179108154717,0.8571428571428571,0.8571428571428571,False,False,False,False,False,True,False,0.8840600601328565,False,False,Thai_variant_99,Thai,false
12,0.5384615384615384,0.3269432126139444,0.6730567873860556,0.75,0.75,False,True,False,True,False,True,False,0.92107715347002,False,False,Russian_variant_99,Russian,nontrivial
22,0.15384615384615385,0.3390921409214092,0.6609078590785907,1.0,1.0,True,False,False,False,True,False,False,0.8788816534547026,False,False,Thai_variant_99,Thai,false
22,0.15384615384615385,0.4366839122936684,0.5633160877063317,1.0,1.0,True,True,False,True,False,False,True,0.9683209946814026,False,False,Thai_variant_99,Thai,dp_restricted
13,0.5,0.4276145602365114,0.5723854397634885,1.0,1.0,True,True,False,True,True,True,False,0.962172968091426,False,False,Hungarian_variant_99,Hungarian,nontrivial
19,0.2692307692307693,0.3761086474501108,0.6238913525498891,0.8,0.8,False,True,False,True,True,True,False,0.9136200738628196,False,False,Hebrew_variant_99,Hebrew,nontrivial
15,0.42307692307692313,0.3514412416851441,0.6485587583148559,1.0,1.0,True,True,False,True,True,True,False,0.8915318093921003,False,False,Tlingit_variant_99,Tlingit,nontrivial
25,0.038461538461538436,0.3453744764720374,0.6546255235279625,0.8571428571428571,0.8571428571428571,False,False,False,False,True,True,False,0.8841451014291037,False,False,Thai_variant_99,Thai,false
15,0.42307692307692313,0.3468834688346883,0.6531165311653118,0.75,0.75,False,True,False,True,True,False,False,0.887346220086008,False,False,Russian_variant_99,Russian,nontrivial
15,0.42307692307692313,0.2631805863513181,0.7368194136486819,0.75,0.75,False,False,False,False,True,True,False,0.8311277816647081,False,False,Russian_variant_99,Russian,false
22,0.15384615384615385,0.3603874106922887,0.6396125893077114,0.5,0.5,False,True,False,True,True,True,False,0.8984579716077623,False,False,Basque_variant_99,Basque,nontrivial
22,0.15384615384615385,0.3470682434097068,0.6529317565902932,0.5,0.5,False,True,False,True,True,True,False,0.886215012877084,False,False,Basque_variant_99,Basque,nontrivial
18,0.3076923076923077,0.2820891845282089,0.717910815471791,0.5,0.5,False,False,False,False,True,True,False,0.8273071856420345,False,False,Russian_variant_99,Russian,false
11,0.5769230769230769,0.3859632914510963,0.6140367085489036,1.0,1.0,True,True,False,True,False,False,True,0.9766715411372556,True,False,Russian,Russian,dp_restricted
19,0.2692307692307693,0.3410938654841093,0.6589061345158906,0.8,0.8,False,True,False,True,True,False,False,0.8813927512028974,False,False,Hebrew_variant_99,Hebrew,nontrivial
19,0.2692307692307693,0.4266598915989159,0.5733401084010841,1.0,1.0,True,True,False,True,True,False,False,0.9601316713845064,False,False,Thai_variant_99,Thai,nontrivial
15,0.42307692307692313,0.2331855136733185,0.7668144863266815,1.0,1.0,True,False,False,False,True,False,False,0.8083178308274516,False,False,Tlingit_variant_99,Tlingit,false
16,0.3846153846153846,0.4010686129588569,0.5989313870411431,0.5,0.5,False,True,False,True,True,True,False,0.9370474472693624,False,False,Basque_variant_99,Basque,nontrivial
13,0.5,0.3888118994826312,0.6111881005173688,1.0,1.0,True,True,False,True,True,False,False,0.9492180271142672,False,False,Hungarian_variant_99,Hungarian,nontrivial
22,0.15384615384615385,0.4031011332840601,0.5968988667159398,1.0,1.0,True,True,False,True,True,True,False,0.937672756589822,False,False,Thai_variant_99,Thai,nontrivial
25,0.038461538461538436,0.3292067011579206,0.6707932988420793,0.25,0.25,False,True,False,True,True,True,False,0.8692627671490646,False,False,Basque_variant_99,Basque,nontrivial
15,0.42307692307692313,0.3126385809312638,0.6873614190687362,1.0,1.0,True,True,False,True,True,False,False,0.8647702341295219,False,False,Tlingit_variant_99,Tlingit,nontrivial
15,0.42307692307692313,0.3589554077358955,0.6410445922641045,0.75,0.75,False,True,False,True,True,True,False,0.898430565084362,False,False,Russian_variant_99,Russian,nontrivial
15,0.42307692307692313,0.3832224685883222,0.6167775314116777,1.0,1.0,True,True,False,True,False,False,True,0.92068828633166,False,False,Tlingit_variant_99,Tlingit,dp_restricted
16,0.3846153846153846,0.3432187730968218,0.6567812269031781,1.0,1.0,True,False,False,False,True,True,False,0.8838954143832909,False,False,Hungarian_variant_99,Hungarian,false
12,0.5384615384615384,0.4683881497905888,0.5316118502094112,1.0,1.0,True,True,False,True,True,True,False,0.9999829222080244,False,True,Basque_variant_99,Basque,nontrivial
19,0.2692307692307693,0.3145787139689578,0.6854212860310421,0.8,0.8,False,True,False,True,True,False,False,0.8569868050821292,False,False,Hebrew_variant_99,Hebrew,nontrivial
25,0.038461538461538436,0.3769093372751909,0.6230906627248091,0.8571428571428571,0.8571428571428571,False,True,False,True,False,True,False,0.9131719097734764,False,False,Thai_variant_99,Thai,nontrivial
16,0.3846153846153846,0.3818828529194382,0.6181171470805618,1.0,1.0,True,True,False,True,True,True,False,0.919434542981704,False,False,Hungarian_variant_99,Hungarian,nontrivial
19,0.2692307692307693,0.4122166789849716,0.5877833210150284,1.0,1.0,True,True,False,True,False,True,False,0.9468467754901776,False,False,Thai_variant_99,Thai,nontrivial
13,0.5,0.4540835181079083,0.5459164818920916,1.0,1.0,True,True,False,True,False,True,False,0.9864026132602108,False,False,Hungarian_variant_99,Hungarian,nontrivial
25,0.038461538461538436,0.4245503818674551,0.5754496181325449,0.8571428571428571,0.8571428571428571,False,True,False,True,True,False,False,0.9570176004030534,False,False,Thai_variant_99,Thai,nontrivial
19,0.2692307692307693,0.3416481892091648,0.6583518107908352,0.8,0.8,False,False,False,False,True,True,False,0.8819029691792364,False,False,Hebrew_variant_99,Hebrew,false
19,0.2692307692307693,0.3387841832963784,0.6612158167036216,0.8,0.8,False,False,False,False,True,True,False,0.8792668372958634,False,False,Hebrew_variant_99,Hebrew,false
13,0.5,0.4496643261887164,0.5503356738112837,0.75,0.75,False,True,False,True,True,True,False,0.982383407127128,False,False,Basque_variant_99,Basque,nontrivial
15,0.42307692307692313,0.3126385809312638,0.6873614190687362,1.0,1.0,True,True,False,True,True,False,False,0.8647702341295219,False,False,Tlingit_variant_99,Tlingit,nontrivial
13,0.5,0.4032243163340724,0.5967756836659276,1.0,1.0,True,True,False,True,True,True,False,0.9538275536451436,False,False,Hungarian_variant_99,Hungarian,nontrivial
25,0.038461538461538436,0.3426028578467602,0.6573971421532397,0.25,0.25,False,True,False,True,True,True,False,0.8815938591523892,False,False,Basque_variant_99,Basque,nontrivial
16,0.3846153846153846,0.3633592017738359,0.636640798226164,1.0,1.0,True,False,False,False,True,True,False,0.902412844418806,False,False,Hungarian_variant_99,Hungarian,false
22,0.15384615384615385,0.4314178369056418,0.5685821630943582,1.0,1.0,True,True,False,True,False,False,True,0.9635447929327068,False,False,Thai_variant_99,Thai,dp_restricted
22,0.15384615384615385,0.3668083271741809,0.6331916728258191,0.5,0.5,False,True,False,True,True,True,False,0.9043584261505208,False,False,Basque_variant_99,Basque,nontrivial
16,0.3846153846153846,0.4210088691796009,0.5789911308203991,1.0,1.0,True,True,False,True,True,False,False,0.9553124335121108,False,False,Hungarian_variant_99,Hungarian,nontrivial
21,0.1923076923076923,0.2532951465878295,0.7467048534121705,0.5,0.5,False,False,False,False,True,True,False,0.800090767492627,False,False,Russian_variant_99,Russian,false
26,0.0,0.4599193151022419,0.5400806848977581,0.8888888888888888,0.8888888888888888,False,True,False,True,True,True,False,0.9887585230665396,False,False,Basque_variant_99,Basque,nontrivial
16,0.3846153846153846,0.4008684405025868,0.5991315594974131,1.0,1.0,True,True,False,True,True,False,False,0.9368638248054152,False,False,Hebrew_variant_99,Hebrew,nontrivial
18,0.3076923076923077,0.2687854151268785,0.7312145848731215,0.5,0.5,False,True,False,True,True,False,False,0.8150605105703235,False,False,Russian_variant_99,Russian,nontrivial
16,0.3846153846153846,0.3600794530672579,0.639920546932742,1.0,1.0,True,True,False,True,True,False,True,0.8993979627019912,False,False,Hungarian_variant_99,Hungarian,dp_restricted
12,0.5384615384615384,0.3518877802414387,0.6481122197585613,0.75,0.75,False,True,False,True,True,False,False,0.9430233981438094,False,False,Russian_variant_99,Russian,nontrivial
25,0.038461538461538436,0.3338260655333826,0.6661739344666173,0.8571428571428571,0.8571428571428571,False,False,False,False,True,True,False,0.8735148828710444,False,False,Thai_variant_99,Thai,false
22,0.15384615384615385,0.3729366839122937,0.6270633160877064,0.5,0.5,False,True,False,True,True,True,False,0.909988775361701,False,False,Basque_variant_99,Basque,nontrivial
19,0.2692307692307693,0.3888580931263858,0.6111419068736141,0.8,0.8,False,True,False,True,True,True,False,0.9253534060235414,False,False,Hebrew_variant_99,Hebrew,nontrivial
13,0.5,0.3888118994826312,0.6111881005173688,1.0,1.0,True,True,False,True,True,False,False,0.9492180271142672,False,False,Hungarian_variant_99,Hungarian,nontrivial
12,0.5384615384615384,0.3429262133530426,0.6570737866469574,0.75,0.75,False,True,False,True,True,False,False,0.9352200525990934,False,False,Russian_variant_99,Russian,nontrivial
15,0.42307692307692313,0.2719881744271988,0.7280118255728012,1.0,1.0,True,False,False,False,True,True,False,0.8375422632801202,False,False,Tlingit_variant_99,Tlingit,false
15,0.42307692307692313,0.2719881744271988,0.7280118255728012,1.0,1.0,True,False,False,False,True,True,False,0.8375422632801202,False,False,Tlingit_variant_99,Tlingit,false
18,0.3076923076923077,0.2731584134023158,0.7268415865976842,0.75,0.75,False,False,False,False,True,True,False,0.8190860388108343,False,False,Russian_variant_99,Russian,false
12,0.5384615384615384,0.4683881497905888,0.5316118502094112,1.0,1.0,True,True,False,True,True,True,False,0.9999829222080244,False,True,Basque_variant_99,Basque,nontrivial
25,0.038461538461538436,0.3064794284306479,0.693520571569352,0.8571428571428571,0.8571428571428571,False,False,False,False,True,True,False,0.848342177894993,False,False,Thai_variant_99,Thai,false
12,0.5384615384615384,0.3178892584380389,0.682110741561961,0.75,0.75,False,False,False,False,True,True,False,0.91298163802344,False,False,Russian_variant_99,Russian,false
16,0.3846153846153846,0.4249815225424981,0.5750184774575018,1.0,1.0,True,True,False,True,False,False,True,0.9589416367936664,False,False,Hebrew_variant_99,Hebrew,dp_restricted
13,0.5,0.4205777285045578,0.5794222714954422,0.75,0.75,False,True,False,True,True,True,False,0.9593229847967124,False,False,Basque_variant_99,Basque,nontrivial
13,0.5,0.4271218280364621,0.5728781719635379,0.75,0.75,False,True,False,True,True,True,False,0.961720281937788,False,False,Basque_variant_99,Basque,nontrivial
18,0.3076923076923077,0.2620719389012072,0.7379280610987928,0.5,0.5,False,False,False,False,False,True,False,0.8088804729032466,False,False,Russian_variant_99,Russian,false
19,0.2692307692307693,0.358370288248337,0.641629711751663,0.8,0.8,False,True,False,True,True,False,False,0.8972942535868388,False,False,Hebrew_variant_99,Hebrew,nontrivial
12,0.5384615384615384,0.4602734663710273,0.5397265336289727,1.0,1.0,True,True,False,True,True,True,True,0.9974298735709426,False,False,Basque_variant_99,Basque,dp_restricted
15,0.42307692307692313,0.3662232076866223,0.6337767923133777,1.0,1.0,True,True,False,True,False,False,True,0.9051005866862936,False,False,Tlingit_variant_99,Tlingit,dp_restricted
16,0.3846153846153846,0.3506097560975609,0.649390243902439,1.0,1.0,True,False,False,False,True,True,False,0.8906916975876009,False,False,Hungarian_variant_99,Hungarian,false
12,0.5384615384615384,0.258330253757083,0.7416697462429169,0.75,0.75,False,False,False,False,True,True,False,0.8590312384487924,False,False,Russian_variant_99,Russian,false
21,0.1923076923076923,0.2385131805863513,0.7614868194136487,0.5,0.5,False,False,False,False,True,True,False,0.786493981396176,False,False,Russian_variant_99,Russian,false
12,0.5384615384615384,0.308650529687115,0.691349470312885,0.75,0.75,False,False,False,False,True,True,False,0.904678422422062,False,False,Russian_variant_99,Russian,false
19,0.2692307692307693,0.3806048287755605,0.6193951712244394,0.5,0.5,False,True,False,True,True,True,False,0.9177580171152422,False,False,Basque_variant_99,Basque,nontrivial
16,0.3846153846153846,0.3977580684897758,0.6022419315102242,0.5,0.5,False,True,False,True,True,True,False,0.9340101518679632,False,False,Basque_variant_99,Basque,nontrivial
15,0.42307692307692313,0.3477149544222715,0.6522850455777285,0.75,0.75,False,True,False,True,False,False,True,0.8881098634587579,False,False,Russian_variant_99,Russian,dp_restricted
18,0.3076923076923077,0.3389997536338999,0.6610002463661,0.5,0.5,False,True,False,True,True,True,False,0.8796956191181255,False,False,Russian_variant_99,Russian,nontrivial
19,0.2692307692307693,0.2947154471544715,0.7052845528455285,0.8,0.8,False,True,False,True,True,False,False,0.8387031167524481,False,False,Hebrew_variant_99,Hebrew,nontrivial
19,0.2692307692307693,0.340169992609017,0.659830007390983,0.8,0.8,False,True,False,True,True,False,False,0.8805423867254418,False,False,Hebrew_variant_99,Hebrew,nontrivial
19,0.2692307692307693,0.3945553091894556,0.6054446908105444,0.5,0.5,False,True,False,True,True,True,False,0.9305962211454069,False,False,Basque_variant_99,Basque,nontrivial
19,0.2692307692307693,0.3789726533628972,0.6210273466371028,0.8,0.8,False,True,False,True,True,True,False,0.9162558984247976,False,False,Hebrew_variant_99,Hebrew,nontrivial
21,0.1923076923076923,0.3381066765213106,0.6618933234786893,0.5,0.5,False,True,False,True,False,True,False,0.8780562284669491,False,False,Russian_variant_99,Russian,nontrivial
19,0.2692307692307693,0.399190071446169,0.600809928553831,0.5,0.5,False,True,False,True,True,True,False,0.9348611163233108,False,False,Basque_variant_99,Basque,nontrivial
16,0.3846153846153846,0.3580931263858093,0.6419068736141906,1.0,1.0,True,False,False,False,True,True,False,0.8975719259215909,False,False,Hebrew_variant_99,Hebrew,false
25,0.038461538461538436,0.4027777777777778,0.5972222222222222,0.8571428571428571,0.8571428571428571,False,True,False,True,True,False,False,0.936981263066382,False,False,Thai_variant_99,Thai,nontrivial
25,0.038461538461538436,0.3886117270263611,0.6113882729736388,0.8571428571428571,0.8571428571428571,False,True,False,True,True,False,False,0.9239430968564132,False,False,Thai_variant_99,Thai,nontrivial
15,0.42307692307692313,0.3458980044345898,0.6541019955654102,1.0,1.0,True,True,False,True,False,True,False,0.8864411302880182,False,False,Tlingit_variant_99,Tlingit,nontrivial
19,0.2692307692307693,0.4063346883468834,0.5936653116531165,1.0,1.0,True,True,False,True,True,True,False,0.9414351117296804,False,False,Thai_variant_99,Thai,nontrivial
15,0.42307692307692313,0.3326250307957625,0.6673749692042374,0.75,0.75,False,True,False,True,True,False,True,0.8761900489477208,False,False,Russian_variant_99,Russian,dp_restricted
22,0.15384615384615385,0.3647758068489776,0.6352241931510224,1.0,1.0,True,False,False,False,True,True,False,0.9024907912282,False,False,Thai_variant_99,Thai,false
19,0.2692307692307693,0.4200542005420054,0.5799457994579946,0.5,0.5,False,True,False,True,True,True,False,0.9540565146618564,False,False,Basque_variant_99,Basque,nontrivial
15,0.42307692307692313,0.3362589307711258,0.6637410692288741,0.75,0.75,False,True,False,True,True,False,False,0.8780828635868203,False,False,Russian_variant_99,Russian,nontrivial
16,0.3846153846153846,0.4101995565410199,0.5898004434589801,1.0,1.0,True,True,False,True,False,False,True,0.945418831139291,False,False,Hungarian_variant_99,Hungarian,dp_restricted
15,0.42307692307692313,0.3085735402808573,0.6914264597191426,1.0,1.0,True,False,False,False,False,True,False,0.8622625489764446,False,False,Tlingit_variant_99,Tlingit,false
16,0.3846153846153846,0.319290465631929,0.6807095343680709,1.0,1.0,True,False,False,False,True,False,False,0.8618874123015696,False,False,Hebrew_variant_99,Hebrew,false
15,0.42307692307692313,0.3832224685883222,0.6167775314116777,1.0,1.0,True,True,False,True,False,False,True,0.92068828633166,False,False,Tlingit_variant_99,Tlingit,dp_restricted
15,0.42307692307692313,0.3398312392214831,0.6601687607785169,0.75,0.75,False,True,False,True,True,False,True,0.8808684758276892,False,False,Russian_variant_99,Russian,dp_restricted
19,0.2692307692307693,0.3743532889874353,0.6256467110125647,0.8,0.8,False,True,False,True,False,True,False,0.9120045500134488,False,False,Hungarian_variant_99,Hungarian,nontrivial
13,0.5,0.4149575018477457,0.5850424981522542,1.0,1.0,True,True,False,True,True,False,False,0.9575431851959636,False,False,Hebrew_variant_99,Hebrew,nontrivial
19,0.2692307692307693,0.3028455284552845,0.6971544715447154,0.8,0.8,False,False,False,False,True,False,False,0.8461867118933666,False,False,Hungarian_variant_99,Hungarian,false
11,0.5769230769230769,0.3286215816703621,0.6713784183296378,1.0,1.0,True,True,False,True,True,True,False,0.92474771806635,False,False,Russian_variant_99,Russian,nontrivial
15,0.42307692307692313,0.3240946045824094,0.6759053954175905,1.0,1.0,True,True,False,True,False,False,True,0.8715139066141868,False,False,Tlingit_variant_99,Tlingit,dp_restricted
21,0.1923076923076923,0.3236942596698694,0.6763057403301306,0.5,0.5,False,True,False,True,False,True,False,0.8648159411777334,False,False,Russian_variant_99,Russian,nontrivial
19,0.2692307692307693,0.3871027346637102,0.6128972653362897,0.8,0.8,False,True,False,True,False,True,False,0.9237380041598096,False,False,Hungarian_variant_99,Hungarian,nontrivial
19,0.2692307692307693,0.3592941611234294,0.6407058388765706,0.8,0.8,False,True,False,True,True,True,False,0.8981445816557516,False,False,Hebrew_variant_99,Hebrew,nontrivial
22,0.15384615384615385,0.3501786154225178,0.6498213845774822,0.5,0.5,False,True,False,True,True,True,False,0.889074416939452,False,False,Basque_variant_99,Basque,nontrivial
15,0.42307692307692313,0.3141167775314116,0.6858832224685883,1.0,1.0,True,False,False,False,True,True,False,0.8656678804068849,False,False,Tlingit_variant_99,Tlingit,false
18,0.3076923076923077,0.3437423010593742,0.6562576989406257,0.5,0.5,False,True,False,True,False,True,False,0.8840613077848619,False,False,Russian_variant_99,Russian,nontrivial
15,0.42307692307692313,0.3255728011825572,0.6744271988174427,1.0,1.0,True,False,False,False,False,True,False,0.8723465421744263,False,False,Tlingit_variant_99,Tlingit,false
19,0.2692307692307693,0.423380142892338,0.576619857107662,1.0,1.0,True,True,False,True,False,False,True,0.9571155362094406,False,False,Thai_variant_99,Thai,dp_restricted
21,0.1923076923076923,0.2811961074156197,0.7188038925843803,0.5,0.5,False,False,False,False,True,True,False,0.8257501535459544,False,False,Russian_variant_99,Russian,false
22,0.15384615384615385,0.43729982754373,0.5627001724562699,1.0,1.0,True,True,False,True,True,False,False,0.968878171302916,False,False,Thai_variant_99,Thai,nontrivial
19,0.2692307692307693,0.270140428677014,0.729859571322986,0.8,0.8,False,False,False,False,True,True,False,0.8160819941904104,False,False,Hungarian_variant_99,Hungarian,false
12,0.5384615384615384,0.465539541759054,0.534460458240946,1.0,1.0,True,True,False,True,True,True,True,0.999097329520054,False,False,Basque_variant_99,Basque,dp_restricted
15,0.42307692307692313,0.3085735402808573,0.6914264597191426,1.0,1.0,True,False,False,False,False,True,False,0.8622625489764446,False,False,Tlingit_variant_99,Tlingit,false
13,0.5,0.3348115299334811,0.6651884700665189,1.0,1.0,True,False,False,False,True,False,False,0.916419963190306,False,False,Hebrew_variant_99,Hebrew,false
11,0.5769230769230769,0.3877494456762749,0.6122505543237251,1.0,1.0,True,True,False,True,True,True,False,0.978222281089998,False,True,Russian_variant_99,Russian,nontrivial
22,0.15384615384615385,0.3681941364868195,0.6318058635131805,0.5,0.5,False,True,False,True,True,True,False,0.9056317365281182,False,False,Basque_variant_99,Basque,nontrivial
25,0.038461538461538436,0.4417344173441734,0.5582655826558265,0.8571428571428571,0.8571428571428571,False,True,False,True,False,True,False,0.972824684017178,False,False,Thai_variant_99,Thai,nontrivial
13,0.5,0.36589985218034,0.63410014781966,1.0,1.0,True,False,False,False,True,True,False,0.9379920093374566,False,False,Hebrew_variant_99,Hebrew,false
12,0.5384615384615384,0.4655395417590539,0.5344604582409461,1.0,1.0,True,True,False,True,True,True,True,0.999097329520054,False,False,Basque_variant_99,Basque,dp_restricted
16,0.3846153846153846,0.4192073170731707,0.5807926829268293,1.0,1.0,True,True,False,True,True,False,True,0.9536651909622156,False,False,Hebrew_variant_99,Hebrew,dp_restricted
12,0.5384615384615384,0.3369518354274452,0.6630481645725548,0.75,0.75,False,True,False,True,True,False,False,0.9299609850119104,False,False,Russian_variant_99,Russian,nontrivial
19,0.2692307692307693,0.317719881744272,0.682280118255728,0.8,0.8,False,False,False,False,True,True,False,0.8598781466312202,False,False,Hungarian_variant_99,Hungarian,false
15,0.42307692307692313,0.3255728011825572,0.6744271988174427,1.0,1.0,True,False,False,False,False,True,False,0.8723465421744263,False,False,Tlingit_variant_99,Tlingit,false
19,0.2692307692307693,0.4006990638088199,0.5993009361911801,0.5,0.5,False,True,False,True,True,True,False,0.936249640199292,False,False,Basque_variant_99,Basque,nontrivial
22,0.15384615384615385,0.4300012318305002,0.5699987681694998,1.0,1.0,True,True,False,True,False,False,True,0.9622568564788608,True,False,Thai,Thai,dp_restricted
16,0.3846153846153846,0.3708271741808327,0.6291728258191673,0.5,0.5,False,True,False,True,True,True,False,0.9092766546684063,False,False,Basque_variant_99,Basque,nontrivial
22,0.15384615384615385,0.4111388272973639,0.588861172702636,1.0,1.0,True,True,False,True,True,True,False,0.9450352366174344,False,False,Thai_variant_99,Thai,nontrivial
16,0.3846153846153846,0.382591155457009,0.6174088445429909,0.5,0.5,False,True,False,True,True,True,False,0.9200851589144664,False,False,Basque_variant_99,Basque,nontrivial
19,0.2692307692307693,0.3311160384331116,0.6688839615668885,0.8,0.8,False,False,False,False,True,True,False,0.8722087424932827,False,False,Hungarian_variant_99,Hungarian,false
25,0.038461538461538436,0.3970189701897019,0.6029810298102981,0.8571428571428571,0.8571428571428571,False,True,False,True,True,False,False,0.9316810723947568,False,False,Thai_variant_99,Thai,nontrivial
16,0.3846153846153846,0.3096359940872136,0.6903640059127865,1.0,1.0,True,False,False,False,True,True,False,0.8530061158724662,False,False,Hungarian_variant_99,Hungarian,false
15,0.42307692307692313,0.3458980044345898,0.6541019955654102,1.0,1.0,True,True,False,True,False,True,False,0.8864411302880182,False,False,Tlingit_variant_99,Tlingit,nontrivial
18,0.3076923076923077,0.2676151761517615,0.7323848238482384,0.5,0.5,False,False,False,False,True,True,False,0.813983256412868,False,False,Russian_variant_99,Russian,false
15,0.42307692307692313,0.3717664449371766,0.6282335550628234,1.0,1.0,True,True,False,True,True,False,False,0.9101858593040748,False,False,Tlingit_variant_99,Tlingit,nontrivial
12,0.5384615384615384,0.3508715200788371,0.6491284799211628,0.75,0.75,False,True,False,True,False,True,False,0.942144705964131,False,False,Russian_variant_99,Russian,nontrivial
18,0.3076923076923077,0.2560667652131067,0.7439332347868933,0.75,0.75,False,False,False,False,True,False,False,0.8033524562803877,False,False,Russian_variant_99,Russian,false
19,0.2692307692307693,0.3089430894308943,0.6910569105691057,0.8,0.8,False,False,False,False,False,True,False,0.8517993740331347,False,False,Hungarian_variant_99,Hungarian,false
16,0.3846153846153846,0.3245565410199557,0.6754434589800443,1.0,1.0,True,False,False,False,True,False,False,0.8667314138028193,False,False,Hebrew_variant_99,Hebrew,false
25,0.038461538461538436,0.3469758561221976,0.6530241438778024,0.8571428571428571,0.8571428571428571,False,False,False,False,False,True,False,0.8856191492825068,False,False,Thai_variant_99,Thai,false
22,0.15384615384615385,0.4031935205715694,0.5968064794284307,1.0,1.0,True,True,False,True,False,True,False,0.9377574320886244,False,False,Thai_variant_99,Thai,nontrivial
19,0.2692307692307693,0.3472068243409706,0.6527931756590293,1.0,1.0,True,False,False,False,True,False,False,0.887019290527381,False,False,Thai_variant_99,Thai,false
19,0.2692307692307693,0.2999815225424981,0.7000184774575019,0.8,0.8,False,False,False,False,True,False,False,0.843550451058035,False,False,Hungarian_variant_99,Hungarian,false
15,0.42307692307692313,0.3496242916974624,0.6503757083025375,0.75,0.75,False,True,False,True,True,False,True,0.8898633215319481,False,False,Russian_variant_99,Russian,dp_restricted
22,0.15384615384615385,0.3778948016752895,0.6221051983247105,1.0,1.0,True,False,False,False,True,True,False,0.914542912704328,False,False,Thai_variant_99,Thai,false
25,0.038461538461538436,0.3221236757822124,0.6778763242177877,0.25,0.25,False,True,False,True,True,True,False,0.8627428298654987,False,False,Basque_variant_99,Basque,nontrivial
19,0.2692307692307693,0.3219696969696969,0.678030303030303,0.8,0.8,False,False,False,False,True,True,False,0.8637899449807726,False,False,Hungarian_variant_99,Hungarian,false
19,0.2692307692307693,0.3028455284552845,0.6971544715447154,0.8,0.8,False,False,False,False,True,False,False,0.8461867118933666,False,False,Hebrew_variant_99,Hebrew,false
25,0.038461538461538436,0.4042251786154225,0.5957748213845775,0.8571428571428571,0.8571428571428571,False,True,False,True,True,True,False,0.9383133680416892,False,False,Thai_variant_99,Thai,nontrivial
22,0.15384615384615385,0.356229982754373,0.643770017245627,0.5,0.5,False,True,False,True,True,True,False,0.8946369180297373,False,False,Basque_variant_99,Basque,nontrivial
13,0.5,0.4004988913525498,0.5995011086474502,1.0,1.0,True,True,False,True,True,True,False,0.9529644633577355,False,False,Hebrew_variant_99,Hebrew,nontrivial
13,0.5,0.4390705838876571,0.5609294161123429,1.0,1.0,True,True,False,True,False,True,False,0.9726895346967896,False,False,Hebrew_variant_99,Hebrew,nontrivial
25,0.038461538461538436,0.4434281842818428,0.5565718157181572,0.8571428571428571,0.8571428571428571,False,True,False,True,False,True,False,0.9743819541420972,False,False,Thai_variant_99,Thai,nontrivial
16,0.3846153846153846,0.3905672579453067,0.6094327420546932,1.0,1.0,True,True,False,True,True,True,False,0.9274099146383809,False,False,Hungarian_variant_99,Hungarian,nontrivial
25,0.038461538461538436,0.3859324956885932,0.6140675043114068,0.8571428571428571,0.8571428571428571,False,True,False,True,True,True,False,0.9214770957614536,False,False,Thai_variant_99,Thai,nontrivial
19,0.2692307692307693,0.4053954175905395,0.5946045824094605,0.8,0.8,False,True,False,True,False,True,False,0.9405708953044402,False,False,Hebrew_variant_99,Hebrew,nontrivial
22,0.15384615384615385,0.4622289972899728,0.5377710027100271,1.0,1.0,True,True,False,True,True,True,False,0.9904112918447886,False,False,Thai_variant_99,Thai,nontrivial
13,0.5,0.4146495442227149,0.5853504557772851,0.75,0.75,False,True,False,True,True,True,False,0.9574456420239548,False,False,Basque_variant_99,Basque,nontrivial
16,0.3846153846153846,0.3517645971914264,0.6482354028085735,1.0,1.0,True,False,False,False,True,True,False,0.8917535322361125,False,False,Hebrew_variant_99,Hebrew,false
25,0.038461538461538436,0.4140182310914018,0.5859817689085982,0.8571428571428571,0.8571428571428571,False,True,False,True,True,False,False,0.94732594337744,False,False,Thai_variant_99,Thai,nontrivial
22,0.15384615384615385,0.3657766691303276,0.6342233308696723,1.0,1.0,True,False,False,False,True,True,False,0.9034104763522924,False,False,Thai_variant_99,Thai,false
12,0.5384615384615384,0.2715108401084011,0.7284891598915989,0.75,0.75,False,False,False,False,True,True,False,0.8710342999488694,False,False,Russian_variant_99,Russian,false
15,0.42307692307692313,0.3296378418329637,0.6703621581670363,1.0,1.0,True,True,False,True,True,False,False,0.874588655628144,False,False,Tlingit_variant_99,Tlingit,nontrivial
15,0.42307692307692313,0.3910445922641044,0.6089554077358956,0.75,0.75,False,True,False,True,False,True,False,0.927852029621105,False,False,Russian_variant_99,Russian,nontrivial
19,0.2692307692307693,0.2999815225424981,0.7000184774575019,0.8,0.8,False,False,False,False,True,False,False,0.843550451058035,False,False,Hungarian_variant_99,Hungarian,false
13,0.5,0.3040465631929046,0.6959534368070954,1.0,1.0,True,False,False,False,True,True,False,0.8918051485124562,False,False,Hebrew_variant_99,Hebrew,false
13,0.5,0.3566149297856614,0.6433850702143386,1.0,1.0,True,False,False,False,True,True,False,0.932092493299434,False,False,Hungarian_variant_99,Hungarian,false
21,0.1923076923076923,0.2318612958856861,0.7681387041143138,0.5,0.5,False,False,False,False,True,False,False,0.7803749956872287,False,False,Russian_variant_99,Russian,false
12,0.5384615384615384,0.2587613944321261,0.7412386055678739,0.75,0.75,False,False,False,False,True,True,False,0.85942421580527,False,False,Russian_variant_99,Russian,false
15,0.42307692307692313,0.3801428923380143,0.6198571076619857,0.75,0.75,False,True,False,True,False,True,False,0.9178661454430486,False,False,Russian_variant_99,Russian,nontrivial
16,0.3846153846153846,0.4060883222468588,0.5939116777531412,1.0,1.0,True,True,False,True,True,True,False,0.9416508031015364,False,False,Hungarian_variant_99,Hungarian,nontrivial
16,0.3846153846153846,0.4369456762749445,0.5630543237250554,1.0,1.0,True,True,False,True,False,True,False,0.9698308531575264,False,False,Hebrew_variant_99,Hebrew,nontrivial
16,0.3846153846153846,0.4123244641537324,0.5876755358462675,1.0,1.0,True,True,False,True,False,False,True,0.9473654202785108,True,False,Hungarian,Hungarian,dp_restricted
12,0.5384615384615384,0.3860710766198571,0.6139289233801428,0.75,0.75,False,True,False,True,False,True,False,0.9704705445921294,False,False,Russian_variant_99,Russian,nontrivial
19,0.2692307692307693,0.2796563192904656,0.7203436807095344,0.8,0.8,False,False,False,False,True,True,False,0.824841341039452,False,False,Hungarian_variant_99,Hungarian,false
19,0.2692307692307693,0.3122690317812269,0.6877309682187731,0.8,0.8,False,False,False,False,True,True,False,0.8548608123718786,False,False,Hebrew_variant_99,Hebrew,false
25,0.038461538461538436,0.4426582902192658,0.5573417097807342,0.8571428571428571,0.8571428571428571,False,True,False,True,False,True,False,0.9736741322580128,False,False,Thai_variant_99,Thai,nontrivial
16,0.3846153846153846,0.4123244641537324,0.5876755358462675,1.0,1.0,True,True,False,True,False,False,True,0.9473654202785108,False,False,Hungarian_variant_99,Hungarian,dp_restricted
16,0.3846153846153846,0.4008684405025868,0.5991315594974131,1.0,1.0,True,True,False,True,True,False,False,0.9368638248054152,False,False,Hebrew_variant_99,Hebrew,nontrivial
18,0.3076923076923077,0.2490145355999014,0.7509854644000986,0.5,0.5,False,False,False,False,True,True,False,0.7968605789456691,False,False,Russian_variant_99,Russian,false
13,0.5,0.438439270756344,0.561560729243656,0.75,0.75,False,True,False,True,True,True,False,0.9721105673734176,False,False,Basque_variant_99,Basque,nontrivial
19,0.2692307692307693,0.3871027346637102,0.6128972653362897,0.8,0.8,False,True,False,True,False,True,False,0.9237380041598096,False,False,Hebrew_variant_99,Hebrew,nontrivial
19,0.2692307692307693,0.3717664449371766,0.6282335550628233,0.8,0.8,False,True,False,True,True,False,False,0.9096237543132408,False,False,Hungarian_variant_99,Hungarian,nontrivial
16,0.3846153846153846,0.3908444198078344,0.6091555801921655,1.0,1.0,True,True,False,True,True,False,False,0.927664378630629,False,False,Hungarian_variant_99,Hungarian,nontrivial
15,0.42307692307692313,0.3141167775314116,0.6858832224685883,1.0,1.0,True,False,False,False,True,True,False,0.8656678804068849,False,False,Tlingit_variant_99,Tlingit,false
22,0.15384615384615385,0.4373922148312392,0.5626077851687608,1.0,1.0,True,True,False,True,False,False,True,0.9689617171778564,False,False,Thai_variant_99,Thai,dp_restricted
13,0.5,0.4160815471791081,0.5839184528208918,0.75,0.75,False,True,False,True,True,True,False,0.9578991532222548,False,False,Basque_variant_99,Basque,nontrivial
22,0.15384615384615385,0.4453221236757821,0.5546778763242178,1.0,1.0,True,True,False,True,False,True,False,0.9760932628240692,False,False,Thai_variant_99,Thai,nontrivial
19,0.2692307692307693,0.3992978566149298,0.6007021433850702,0.8,0.8,False,True,False,True,True,False,False,0.9349602974110696,False,False,Hungarian_variant_99,Hungarian,nontrivial
19,0.2692307692307693,0.3681633407243163,0.6318366592756837,0.8,0.8,False,True,False,True,False,False,True,0.9063076026100956,False,False,Hebrew_variant_99,Hebrew,dp_restricted
22,0.15384615384615385,0.4356214584873121,0.5643785415126878,1.0,1.0,True,True,False,True,True,False,False,0.9673590716176258,False,False,Thai_variant_99,Thai,nontrivial
13,0.5,0.4568089430894309,0.5431910569105691,1.0,1.0,True,True,False,True,False,True,False,0.9888636530332388,False,False,Hungarian_variant_99,Hungarian,nontrivial
12,0.5384615384615384,0.3314085981768908,0.6685914018231092,0.75,0.75,False,True,False,True,False,False,True,0.9250505400757968,False,False,Russian_variant_99,Russian,dp_restricted
25,0.038461538461538436,0.4302783936930278,0.5697216063069721,0.8571428571428571,0.8571428571428571,False,True,False,True,True,True,False,0.9622877097217424,False,False,Thai_variant_99,Thai,nontrivial
13,0.5,0.3939393939393939,0.6060606060606061,1.0,1.0,True,True,False,True,True,True,False,0.9508872159203142,False,False,Hebrew_variant_99,Hebrew,nontrivial
21,0.1923076923076923,0.2694321261394432,0.7305678738605568,0.5,0.5,False,True,False,True,True,False,False,0.8149321317259262,False,False,Russian_variant_99,Russian,nontrivial
19,0.2692307692307693,0.2923133776792313,0.7076866223207687,0.8,0.8,False,False,False,False,True,False,False,0.8364920455078818,False,False,Hungarian_variant_99,Hungarian,false
16,0.3846153846153846,0.4490022172949002,0.5509977827050998,1.0,1.0,True,True,False,True,False,True,False,0.9806611741726476,False,False,Hungarian_variant_99,Hungarian,nontrivial
22,0.15384615384615385,0.470559251047056,0.529440748952944,1.0,1.0,True,True,False,True,False,True,False,0.9941866997358142,False,True,Thai_variant_99,Thai,nontrivial
16,0.3846153846153846,0.4210088691796009,0.5789911308203991,1.0,1.0,True,True,False,True,True,False,False,0.9553124335121108,False,False,Hebrew_variant_99,Hebrew,nontrivial
13,0.5,0.4456916728258191,0.5543083271741809,0.75,0.75,False,True,False,True,True,True,False,0.9787544414271288,False,False,Basque_variant_99,Basque,nontrivial
19,0.2692307692307693,0.3038617886178862,0.6961382113821137,0.8,0.8,False,False,False,False,False,True,False,0.8471221577321493,False,False,Hungarian_variant_99,Hungarian,false
16,0.3846153846153846,0.4228566149297856,0.5771433850702143,1.0,1.0,True,True,False,True,False,False,True,0.95700102112977,False,False,Hebrew_variant_99,Hebrew,dp_restricted
21,0.1923076923076923,0.3388457748213846,0.6611542251786153,0.5,0.5,False,True,False,True,True,False,False,0.8787350584585193,False,False,Russian_variant_99,Russian,nontrivial
16,0.3846153846153846,0.4082594235033259,0.5917405764966741,1.0,1.0,True,True,False,True,True,False,False,0.9436409369764722,False,False,Hungarian_variant_99,Hungarian,nontrivial
19,0.2692307692307693,0.3753695491500369,0.624630450849963,0.8,0.8,False,True,False,True,True,False,False,0.91293985494064,False,False,Hebrew_variant_99,Hebrew,nontrivial
16,0.3846153846153846,0.4019308943089431,0.598069105691057,1.0,1.0,True,True,False,True,True,True,False,0.93783839267657,False,False,Hungarian_variant_99,Hungarian,nontrivial
19,0.2692307692307693,0.3826989406257698,0.6173010593742301,0.5,0.5,False,True,False,True,True,True,False,0.9196852432799392,False,False,Basque_variant_99,Basque,nontrivial
